ARPAJOU MIGUEL ALBERTO-PLASTICOS ARPAJOU;proveedores@coverfilmargentina.com
OVIEDO SERGIO;proveedores@coverfilmargentina.com
MIRANDA GUILLERMO SERAFIN;proveedores@coverfilmargentina.com
GEOPLASTIC INDUSTRIES SRL;facturacion@coverfilmargentina.com
GODOY JORGE DANIEL;jorgegodoy.plasticos@gmail.com
CHAVEZ ROBERTO OSCAR ( COVERFILM );robertochavezplasticos@gmail.com
MAINCAL S.A.;e-facturacion@maincal.com.ar
DMED SRL;gonzalo@laurydigital.com.ar
GONFER 5 SRL;manuelagonzalez@dege.com.ar
SEGURIDAD LITORAL;fe@seguridadlitoral.com.ar
COMPA¥IA AMERICANA SRL;ftorres@ciamericana.com.ar
RABINOVICH  MARIO HUGO;perfilplast@yahoo.com.ar
ACERIAS 4C SA;compras@acerias4c.com.ar
INSUMOS Y MASIVOS SRL;despachovgg@insumas.com.ar
LARRAYA HECTOR GERMAN SRL;administracion@hectorlarrayasrl.com
AUTO NAUTICA SER SRL;dgalliano@autonauticasur.com.ar
EXINTRADER;alejandram@exintrader.com
ACEROS COMECO SA;joseorbe@aceroscomeco.com.ar
BATTERY TRADING S.A;info@bateriasmegaton.com.ar
AMICHEM SRL;administracion@amichem.com.ar
MURABITO MARIA DEL CARMEN ( SALDIVIA );vivir@saldiviabuses.com.ar
DANES SRL;mgimenez@danes.com.ar
NANT ROBERTO SRL ( RUEDAS OXEN );leandro@robertonant.com.ar
FGC LUBES S.A.;fernando.cerruti@fgc.company
OXITODO S.A.;compras@oxitodo.com.ar
COMPA¥IA AMERICANA SRL;ftorres@ciamericana.com.ar
ACEROS COMECO SA;joseorbe@aceroscomeco.com.ar
NANT ROBERTO SRL ( RUEDAS OXEN );leandro@robertonant.com.ar
LITORAL PINTURAS S.R.L.;ventas@litoralpinturas.com.ar
PAAR INDUSTRIAL SRL;lcorrea@paarindustrial.com.ar
ALVAREZ ANGEL M. SA (S.P);compras@angelalvarez.com.ar
BRIMAX SA;recepcion@brimaxargentina.com.ar
MARRACINO HNOS S.R.L.;sysconstructivos.ar@gmail.com
EL LADRILLERO SA;yamila@elladrillero.com
RAZZINI MATERIALES S.R.L.;proveedores@hormigonesricci.com.ar
FERRET. IND. LOPEZ FORCINITI SA;proveedores@lopezforciniti.com.ar
CORULLON HNOS. S.R.L;pagos@ferreteriacorullon.com.ar
FERRETERA SAN LUIS ;pagos@ferreterasanluis.com.ar
BORDONI DANIEL ALBERTO;distribuidorahepea@hotmail.com
BARCIA CLAUDIO RODRIGO;administracion@casabarcia.com
ARROYITO MAQUINARIAS SRL;arroyito@arromaq.com.ar
FERRAMAX DE GARCIA HERNAN;ferramax_hg@hotmail.com
JR MAQUINARIAS SRL;administracion@jrmaquinarias.com.ar
MECFA FERRETERIA Y BULONERIA S. R. L;administracion@mecfa.com.ar
BRIATORE S.A;info@briatoresa.com.ar
PACENZA OSVALDO VICTOR Y ANA MARIA CAPIELE SH;albisanitarios@gmail.com
FERRETERIA BALTAZAR SA;compras@fbaltazar.com.ar
BRIZZIO WALTER JOSE;
MICELI MADERAS SRL;administracion@micelimaderas.com.ar
BOYAMA ;administracion@boyama.com.ar
